{
	"textures": {
		"logo": {
			"file": "textures/logo.png",
			"minfilter": "nearest",
			"magfilter": "linear",
			"wrapS": "clamp",
			"wrapT": "clamp"
		},
		"close-normal": {
			"file": "textures/CloseNormal.png",
			"minfilter": "nearest",
			"magfilter": "linear",
			"wrapS": "clamp",
			"wrapT": "clamp"
		},
		"close-selected": {
			"file": "textures/CloseSelected.png",
			"minfilter": "nearest",
			"magfilter": "linear",
			"wrapS": "clamp",
			"wrapT": "clamp"
		},
		"cat-placeholder": {
			"file": "textures/CatPlaceholder.png",
			"minfilter": "nearest",
			"magfilter": "linear",
			"wrapS": "clamp",
			"wrapT": "clamp"
		},
		"cat-walking": {
			"file": "textures/CatWalking.png",
			"minfilter": "nearest",
			"magfilter": "linear",
			"wrapS": "clamp",
			"wrapT": "clamp"
		},
		"enemy-placeholder": {
			"file": "textures/EnemyPlaceholder.png",
			"minfilter": "nearest",
			"magfilter": "linear",
			"wrapS": "clamp",
			"wrapT": "clamp"
		},
		"enemy": {
			"file": "textures/Enemy.png",
			"minfilter": "nearest",
			"magfilter": "linear",
			"wrapS": "clamp",
			"wrapT": "clamp"
		},
		"enemy-glow": {
			"file": "textures/EnemyGlow.png",
			"minfilter": "nearest",
			"magfilter": "linear",
			"wrapS": "clamp",
			"wrapT": "clamp"
		},
		"possessed-enemy-placeholder": {
			"file": "textures/PossessedEnemyPlaceholder.png",
			"minfilter": "nearest",
			"magfilter": "linear",
			"wrapS": "clamp",
			"wrapT": "clamp"
		},
		"possessed-enemy": {
			"file": "textures/PossessedEnemy.png",
			"minfilter": "nearest",
			"magfilter": "linear",
			"wrapS": "clamp",
			"wrapT": "clamp"
		},
		"possess-button": {
			"file": "textures/Possess.png",
			"minfilter": "nearest",
			"magfilter": "linear",
			"wrapS": "clamp",
			"wrapT": "clamp"
		},
		"unpossess-button": {
			"file": "textures/Unpossess.png",
			"minfilter": "nearest",
			"magfilter": "linear",
			"wrapS": "clamp",
			"wrapT": "clamp"
		},
		"floor": {
			"file": "textures/LongFloor.png",
			"minfilter": "nearest",
			"magfilter": "linear",
			"wrapS": "clamp",
			"wrapT": "clamp"
		},
		"staircaseDoor": {
			"file": "textures/StaircaseDoor.png",
			"minfilter": "nearest",
			"magfilter": "linear",
			"wrapS": "clamp",
			"wrapT": "clamp"
		},
		"door": {
			"file": "textures/Door.png",
			"minfilter": "nearest",
			"magfilter": "linear",
			"wrapS": "clamp",
			"wrapT": "clamp"
		},
		"cagedAnimal": {
			"file": "textures/CagedAnimal.png",
			"minfilter": "nearest",
			"magfilter": "linear",
			"wrapS": "clamp",
			"wrapT": "clamp"
		},
		"winIcon": {
			"file": "textures/WinIcon.png",
			"minfilter": "nearest",
			"magfilter": "linear",
			"wrapS": "clamp",
			"wrapT": "clamp"
		},
		"levelCompleteBG": {
			"file": "textures/LevelCompleteBG.png",
			"minfilter": "nearest",
			"magfilter": "linear",
			"wrapS": "clamp",
			"wrapT": "clamp"
		},
		"winTitle": {
			"file": "textures/WinTitle.png",
			"minfilter": "nearest",
			"magfilter": "linear",
			"wrapS": "clamp",
			"wrapT": "clamp"
		},
		"deadOrAlive": {
			"file": "textures/DeadOrAlive.png",
			"minfilter": "nearest",
			"magfilter": "linear",
			"wrapS": "clamp",
			"wrapT": "clamp"
		},
		"retry": {
			"file": "textures/Retry.png",
			"minfilter": "nearest",
			"magfilter": "linear",
			"wrapS": "clamp",
			"wrapT": "clamp"
		},
		"exit": {
			"file": "textures/Exit.png",
			"minfilter": "nearest",
			"magfilter": "linear",
			"wrapS": "clamp",
			"wrapT": "clamp"
		},
		"menu": {
			"file": "textures/Menu.png",
			"minfilter": "nearest",
			"magfilter": "linear",
			"wrapS": "clamp",
			"wrapT": "clamp"
		},
		"nextLevel": {
			"file": "textures/NextLevel.png",
			"minfilter": "nearest",
			"magfilter": "linear",
			"wrapS": "clamp",
			"wrapT": "clamp"
		},
		"levelWall": {
			"file": "textures/levelWall.png",
			"minfilter": "nearest",
			"magfilter": "linear",
			"wrapS": "clamp",
			"wrapT": "clamp"
		},
		"levelFloor": {
			"file": "textures/LevelFloor.png",
			"minfilter": "nearest",
			"magfilter": "linear",
			"wrapS": "clamp",
			"wrapT": "clamp"
		},
		"loseIcon": {
			"file": "textures/LoseIcon.png",
			"minfilter": "nearest",
			"magfilter": "linear",
			"wrapS": "clamp",
			"wrapT": "clamp"
		},
		"loseTitle": {
			"file": "textures/LoseTitle.png",
			"minfilter": "nearest",
			"magfilter": "linear",
			"wrapS": "clamp",
			"wrapT": "clamp"
		},
		"wasted": {
			"file": "textures/Wasted.png",
			"minfilter": "nearest",
			"magfilter": "linear",
			"wrapS": "clamp",
			"wrapT": "clamp"
		},
		"teamIcon": {
			"file": "textures/FuzzyKiwiIcon1.png",
			"minfilter": "nearest",
			"magfilter": "linear",
			"wrapS": "clamp",
			"wrapT": "clamp"
		},
		"menuBackground": {
			"file": "textures/MenuBackground.png",
			"minfilter": "nearest",
			"magfilter": "linear",
			"wrapS": "clamp",
			"wrapT": "clamp"
		},
		"playButton": {
			"file": "textures/Play.png",
			"minfilter": "nearest",
			"magfilter": "linear",
			"wrapS": "clamp",
			"wrapT": "clamp"
		},
		"settingsButton": {
			"file": "textures/Settings.png",
			"minfilter": "nearest",
			"magfilter": "linear",
			"wrapS": "clamp",
			"wrapT": "clamp"
		},
		"mapBackground": {
			"file": "textures/MapBackground.jpg",
			"minfilter": "nearest",
			"magfilter": "linear",
			"wrapS": "clamp",
			"wrapT": "clamp"
		},
		"smallLab": {
			"file": "textures/SmallLab.png",
			"minfilter": "nearest",
			"magfilter": "linear",
			"wrapS": "clamp",
			"wrapT": "clamp"
		},
		"backButton": {
			"file": "textures/BackButton.png",
			"minfilter": "nearest",
			"magfilter": "linear",
			"wrapS": "clamp",
			"wrapT": "clamp"
		},
		"levelSelectBG": {
			"file": "textures/LevelSelectBackground.png",
			"minfilter": "nearest",
			"magfilter": "linear",
			"wrapS": "clamp",
			"wrapT": "clamp"
		},
		"level1": {
			"file": "textures/Level1.png",
			"minfilter": "nearest",
			"magfilter": "linear",
			"wrapS": "clamp",
			"wrapT": "clamp"
		},
		"level2": {
			"file": "textures/Level2.png",
			"minfilter": "nearest",
			"magfilter": "linear",
			"wrapS": "clamp",
			"wrapT": "clamp"
		},
		"doorFrame": {
			"file": "textures/DoorFrame.png",
			"minfilter": "nearest",
			"magfilter": "linear",
			"wrapS": "clamp",
			"wrapT": "clamp"
		}
	},
	"sounds": {
		"menuBGM": {
			"type": "sample",
			"file": "bgm/MenuBGM.ogg"
		}
	},
	"fonts": {
		"felt": {
			"file": "fonts/MarkerFelt.ttf",
			"size": 48
		},
		"small-felt": {
			"file": "fonts/MarkerFelt.ttf",
			"size": 24
		}
	}
	}

