{
	"textures": {
		"logo": {
			"file": "textures/logo.png",
			"minfilter": "nearest",
			"magfilter": "linear",
			"wrapS": "clamp",
			"wrapT": "clamp"
		},
		"close-normal": {
			"file": "textures/CloseNormal.png",
			"minfilter": "nearest",
			"magfilter": "linear",
			"wrapS": "clamp",
			"wrapT": "clamp"
		},
		"close-selected": {
			"file": "textures/CloseSelected.png",
			"minfilter": "nearest",
			"magfilter": "linear",
			"wrapS": "clamp",
			"wrapT": "clamp"
		},
		"cat-placeholder": {
			"file": "textures/CatPlaceholder.png",
			"minfilter": "nearest",
			"magfilter": "linear",
			"wrapS": "clamp",
			"wrapT": "clamp"
		},
		"cat-walking": {
			"file": "textures/CatWalking.png",
			"minfilter": "nearest",
			"magfilter": "linear",
			"wrapS": "clamp",
			"wrapT": "clamp"
		},
		"enemy-placeholder": {
			"file": "textures/EnemyPlaceholder.png",
			"minfilter": "nearest",
			"magfilter": "linear",
			"wrapS": "clamp",
			"wrapT": "clamp"
		},
		"enemy": {
			"file": "textures/Enemy.png",
			"minfilter": "nearest",
			"magfilter": "linear",
			"wrapS": "clamp",
			"wrapT": "clamp"
		},
		"possessed-enemy-placeholder": {
			"file": "textures/PossessedEnemyPlaceholder.png",
			"minfilter": "nearest",
			"magfilter": "linear",
			"wrapS": "clamp",
			"wrapT": "clamp"
		},
		"possessed-enemy": {
			"file": "textures/PossessedEnemy.png",
			"minfilter": "nearest",
			"magfilter": "linear",
			"wrapS": "clamp",
			"wrapT": "clamp"
		},
		"possess-button": {
			"file": "textures/Possess.png",
			"minfilter": "nearest",
			"magfilter": "linear",
			"wrapS": "clamp",
			"wrapT": "clamp"
		},
		"unpossess-button": {
			"file": "textures/Unpossess.png",
			"minfilter": "nearest",
			"magfilter": "linear",
			"wrapS": "clamp",
			"wrapT": "clamp"
		},
		"floor": {
			"file": "textures/LongFloor.png",
			"minfilter": "nearest",
			"magfilter": "linear",
			"wrapS": "clamp",
			"wrapT": "clamp"
		},
		"staircaseDoor": {
			"file": "textures/StaircaseDoor.png",
			"minfilter": "nearest",
			"magfilter": "linear",
			"wrapS": "clamp",
			"wrapT": "clamp"
		},
		"door": {
			"file": "textures/Door.png",
			"minfilter": "nearest",
			"magfilter": "linear",
			"wrapS": "clamp",
			"wrapT": "clamp"
		},
		"cagedAnimal": {
			"file": "textures/CagedAnimal.png",
			"minfilter": "nearest",
			"magfilter": "linear",
			"wrapS": "clamp",
			"wrapT": "clamp"
		}
	}
	}
}
