{
	"player":	{
		"x_pos":	144,
		"level":	0,
		"num_possessions":	2
	},
	"enemy":	[{
			"x_pos":	314,
			"level":	0,
			"patrol_start":	314,
			"patrol_end":	314,
			"keyInt":	[1]
		}, {
			"x_pos":	991,
			"level":	0,
			"patrol_start":	1000,
			"patrol_end":	1000,
			"keyInt":	[1]
		}, {
			"x_pos":	300,
			"level":	1,
			"patrol_start":	200,
			"patrol_end":	600,
			"keyInt":	[1]
		}, {
			"x_pos":	550,
			"level":	2,
			"patrol_start":	250,
			"patrol_end":	550,
			"keyInt":	[1]
		}, {
			"x_pos":	750,
			"level":	2,
			"patrol_start":	350,
			"patrol_end":	350,
			"keyInt":	[1]
		}],
	"decorations":	[{
			"x_pos":	100,
			"level":	2,
			"objective":	0,
			"texture":	"caged-animal"
		}],
	"staircase-door":	[{
			"x_pos":	435,
			"level":	0,
			"connection":	2,
			"isDen":	false
		}, {
			"x_pos":	885,
			"level":	0,
			"connection":	1,
			"isDen":	false
		}, {
			"x_pos":	1000,
			"level":	1,
			"connection":	2,
			"isDen":	false
		}, {
			"x_pos":	500,
			"level":	2,
			"connection":	1,
			"isDen":	false
		}, {
			"x_pos":	750,
			"level":	0,
			"connection":	2,
			"isDen":	true
		}, {
			"x_pos":	1300,
			"level":	0,
			"connection":	2,
			"isDen":	true
		},  {
			"x_pos":	0,
			"level":	1,
			"connection":	1,
			"isDen":	true
		},  {
			"x_pos":	1300,
			"level":	2,
			"connection":	1,
			"isDen":	true
		}],
	"door":	[{
			"x_pos":	527,
			"level":	0,
			"keyInt":	[]
		}],
	"floor":	3
}
