{
	"player":	{
		"x_pos":	201,
		"level":	0,
		"num_possessions":	1
	},
	"enemy":	[{
			"x_pos":	200,
			"level":	0,
			"patrol_start":	200,
			"patrol_end":	200,
			"keys":	[1]
		}, {
			"x_pos":	605,
			"level":	0,
			"patrol_start":	500,
			"patrol_end":	800,
			"keys":	[1]
		}, {
			"x_pos":	350,
			"level":	1,
			"patrol_start":	350,
			"patrol_end":	350,
			"keys":	[1]
		}],
	"decorations":	[{
			"x_pos":	282,
			"level":	1,
			"objective":	1,
			"texture":	"caged-animal"
		}],
	"staircase-door":	[{
			"x_pos":	492,
			"level":	0,
			"connection":	0,
			"isDen":	false
		}, {
			"x_pos":	634,
			"level":	1,
			"connection":	0,
			"isDen":	false
		}, {
			"x_pos":	891,
			"level":	0,
			"connection":	0,
			"isDen":	false
		}, {
			"x_pos":	896,
			"level":	1,
			"connection":	0,
			"isDen":	false
		}],
	"door":	[{
			"x_pos":	712,
			"level":	1,
			"keyInt":	[1]
		}],
	"floor":	1
}
